GPM,CEJN,Gates,Danfoss
0,0,0,0
0.5,0.200012161,0.100017563,0.299915184
0.75,0.486749594,0.486749594,0.3001343
1,0.729266409,0.686412936,0.500151046
1.25,1.200186499,1.118368878,0.799476464
1.5,1.621406603,1.541873163,1.085069444
1.75,2.299664493,2.054209671,1.483073112
2,2.998444557,1.729026156,1.923665121
2.25,3.22965683,3.24,2.500087657
2.5,4.734127606,4.636770256,3.099583416
2.75,5.278093591,5.358367627,3.299237936
3,6.631177587,6.723196297,4.598403536
